{"stats":{"minecraft:crafted":{"minecraft:acacia_planks":24,"minecraft:crafting_table":1,"minecraft:bread":17,"minecraft:wheat":117},"minecraft:used":{"minecraft:crafting_table":1,"minecraft:bread":4},"minecraft:mined":{"minecraft:hay_block":13,"minecraft:lime_bed":1,"minecraft:crafting_table":1},"minecraft:picked_up":{"minecraft:crafting_table":1,"minecraft:lime_bed":1,"minecraft:hay_block":13},"minecraft:custom":{"minecraft:time_since_rest":5913,"minecraft:crouch_one_cm":15,"minecraft:play_time":5913,"minecraft:sprint_one_cm":4885,"minecraft:damage_taken":30,"minecraft:walk_one_cm":19539,"minecraft:sneak_time":30,"minecraft:walk_under_water_one_cm":476,"minecraft:jump":277,"minecraft:leave_game":1,"minecraft:time_since_death":5913,"minecraft:walk_on_water_one_cm":1210,"minecraft:total_world_time":5913,"minecraft:swim_one_cm":10772,"minecraft:interact_with_crafting_table":1,"minecraft:fall_one_cm":7516,"minecraft:fly_one_cm":11950}},"DataVersion":3465}