{"stats":{"minecraft:crafted":{"minecraft:crafting_table":1,"minecraft:stick":4,"minecraft:wooden_pickaxe":1,"minecraft:stone_pickaxe":1,"minecraft:furnace":1,"minecraft:acacia_planks":24,"minecraft:acacia_boat":1,"minecraft:bread":17,"minecraft:wheat":117,"minecraft:jungle_planks":4},"minecraft:dropped":{"minecraft:sand":10,"minecraft:wooden_pickaxe":1},"minecraft:used":{"minecraft:acacia_boat":1,"minecraft:apple":1,"minecraft:bread":6,"minecraft:wooden_pickaxe":16,"minecraft:crafting_table":5,"minecraft:lime_bed":1},"minecraft:mined":{"minecraft:hay_block":13,"minecraft:lime_bed":1,"minecraft:crafting_table":5,"minecraft:grass_block":2,"minecraft:dead_bush":1,"minecraft:jungle_log":1,"minecraft:dirt":6,"minecraft:sand":1,"minecraft:cyan_bed":1,"minecraft:stone":15,"minecraft:oak_leaves":6},"minecraft:picked_up":{"minecraft:lime_bed":1,"minecraft:crafting_table":5,"minecraft:jungle_log":1,"minecraft:sand":11,"minecraft:cyan_bed":1,"minecraft:dirt":8,"minecraft:hay_block":13,"minecraft:cobblestone":15},"minecraft:custom":{"minecraft:time_since_rest":15283,"minecraft:sprint_one_cm":44877,"minecraft:damage_taken":150,"minecraft:walk_one_cm":27262,"minecraft:drop":2,"minecraft:damage_dealt":19,"minecraft:interact_with_crafting_table":7,"minecraft:swim_one_cm":10772,"minecraft:fly_one_cm":72218,"minecraft:open_chest":2,"minecraft:crouch_one_cm":1161,"minecraft:play_time":15283,"minecraft:sneak_time":740,"minecraft:walk_under_water_one_cm":2243,"minecraft:boat_one_cm":52830,"minecraft:jump":536,"minecraft:leave_game":2,"minecraft:time_since_death":15283,"minecraft:walk_on_water_one_cm":4236,"minecraft:total_world_time":15283,"minecraft:fall_one_cm":17290}},"DataVersion":3465}