{"stats":{"minecraft:killed":{"minecraft:husk":4,"minecraft:pig":2,"minecraft:spider":3,"minecraft:skeleton":1,"minecraft:zombie":2,"minecraft:cow":14},"minecraft:crafted":{"minecraft:crafting_table":2,"minecraft:acacia_boat":1,"minecraft:warped_planks":108,"minecraft:diamond_pickaxe":1,"minecraft:stick":4,"minecraft:gold_ingot":9,"minecraft:acacia_planks":32,"minecraft:torch":4},"minecraft:custom":{"minecraft:mob_kills":27,"minecraft:interact_with_crafting_table":2,"minecraft:leave_game":3,"minecraft:time_since_death":76287,"minecraft:climb_one_cm":1236,"minecraft:time_since_rest":76317,"minecraft:sprint_one_cm":227121,"minecraft:damage_taken":1909,"minecraft:walk_one_cm":83096,"minecraft:damage_blocked_by_shield":775,"minecraft:drop":12,"minecraft:damage_dealt":4308,"minecraft:swim_one_cm":51995,"minecraft:player_kills":3,"minecraft:fly_one_cm":837049,"minecraft:open_chest":18,"minecraft:crouch_one_cm":15279,"minecraft:play_time":77809,"minecraft:sneak_time":6075,"minecraft:deaths":2,"minecraft:walk_under_water_one_cm":3634,"minecraft:boat_one_cm":77310,"minecraft:jump":3191,"minecraft:walk_on_water_one_cm":11489,"minecraft:total_world_time":77809,"minecraft:fall_one_cm":110803},"minecraft:mined":{"minecraft:crying_obsidian":2,"minecraft:cut_sandstone":2,"minecraft:stone_pressure_plate":2,"minecraft:deepslate_diamond_ore":5,"minecraft:orange_terracotta":4,"minecraft:obsidian":14,"minecraft:acacia_log":10,"minecraft:dead_bush":1,"minecraft:copper_ore":1,"minecraft:cyan_bed":1,"minecraft:diorite":1,"minecraft:sandstone":40,"minecraft:spawner":1,"minecraft:hay_block":20,"minecraft:lime_bed":1,"minecraft:magma_block":13,"minecraft:warped_planks":2,"minecraft:iron_ore":4,"minecraft:fire":2,"minecraft:mangrove_leaves":1,"minecraft:stone_brick_stairs":1,"minecraft:gold_block":2,"minecraft:grass":4,"minecraft:coal_ore":37,"minecraft:deepslate_iron_ore":1,"minecraft:vine":1,"minecraft:warped_stem":28,"minecraft:sand":7,"minecraft:stone_bricks":1,"minecraft:stone":37,"minecraft:netherrack":78,"minecraft:oak_leaves":1,"minecraft:deepslate":25},"minecraft:dropped":{"minecraft:cobblestone":4,"minecraft:rotten_flesh":2,"minecraft:stone_bricks":1,"minecraft:sandstone":10,"minecraft:sand":6,"minecraft:arrow":4,"minecraft:stone_pickaxe":1,"minecraft:magma_block":11,"minecraft:stone_brick_stairs":1,"minecraft:bone":1},"minecraft:used":{"minecraft:acacia_boat":1,"minecraft:diorite":1,"minecraft:acacia_log":2,"minecraft:flint_and_steel":3,"minecraft:stone_pickaxe":47,"minecraft:shield":38,"minecraft:sandstone":33,"minecraft:iron_sword":78,"minecraft:netherrack":74,"minecraft:sand":1,"minecraft:crafting_table":2,"minecraft:golden_chestplate":1,"minecraft:warped_planks":5,"minecraft:obsidian":3,"minecraft:diamond_pickaxe":24,"minecraft:bread":36,"minecraft:iron_pickaxe":218,"minecraft:iron_axe":40,"minecraft:fire_charge":1,"minecraft:magma_block":1,"minecraft:cobblestone":28,"minecraft:acacia_planks":2,"minecraft:cobbled_deepslate":21,"minecraft:orange_terracotta":3},"minecraft:picked_up":{"minecraft:lime_bed":1,"minecraft:magma_block":12,"minecraft:cut_sandstone":2,"minecraft:leather":16,"minecraft:gold_block":2,"minecraft:stone_brick_stairs":1,"minecraft:shield":1,"minecraft:acacia_boat":1,"minecraft:string":5,"minecraft:orange_terracotta":4,"minecraft:iron_axe":1,"minecraft:name_tag":1,"minecraft:bone":1,"minecraft:stone_bricks":1,"minecraft:cobbled_deepslate":21,"minecraft:warped_stem":27,"minecraft:beef":31,"minecraft:stone_pickaxe":1,"minecraft:iron_pickaxe":1,"minecraft:iron_sword":1,"minecraft:stick":1,"minecraft:raw_iron":66,"minecraft:sandstone":43,"minecraft:acacia_log":10,"minecraft:porkchop":6,"minecraft:sand":7,"minecraft:diorite":1,"minecraft:warped_planks":2,"minecraft:cyan_bed":1,"minecraft:crying_obsidian":2,"minecraft:stone_pressure_plate":2,"minecraft:arrow":4,"minecraft:rotten_flesh":3,"minecraft:diamond":10,"minecraft:iron_helmet":1,"minecraft:hay_block":20,"minecraft:emerald":5,"minecraft:bread":64,"minecraft:saddle":2,"minecraft:netherrack":74,"minecraft:obsidian":14,"minecraft:coal":37,"minecraft:cobblestone":32}},"DataVersion":3465}