{"stats":{"minecraft:crafted":{"minecraft:oak_planks":68,"minecraft:diamond_pickaxe":1,"minecraft:shield":1,"minecraft:stick":8,"minecraft:iron_pickaxe":1,"minecraft:furnace":3,"minecraft:torch":16,"minecraft:bread":60,"minecraft:wheat":180},"minecraft:used":{"minecraft:stone_sword":39,"minecraft:iron_pickaxe":21,"minecraft:bread":3,"minecraft:stone_pickaxe":36,"minecraft:oak_planks":3,"minecraft:stone_axe":5,"minecraft:sand":1,"minecraft:crafting_table":3},"minecraft:mined":{"minecraft:hay_block":20,"minecraft:tall_seagrass":1,"minecraft:crafting_table":2,"minecraft:blast_furnace":1,"minecraft:coal_ore":30,"minecraft:sand":1,"minecraft:stone":26,"minecraft:oak_planks":3},"minecraft:picked_up":{"minecraft:crafting_table":2,"minecraft:sand":1,"minecraft:blast_furnace":1,"minecraft:bone":1,"minecraft:arrow":1,"minecraft:hay_block":20,"minecraft:iron_ingot":4,"minecraft:poppy":2,"minecraft:coal":30,"minecraft:oak_planks":3,"minecraft:cobblestone":26},"minecraft:killed":{"minecraft:skeleton":1,"minecraft:iron_golem":1},"minecraft:custom":{"minecraft:time_since_rest":9714,"minecraft:sprint_one_cm":27066,"minecraft:damage_taken":115,"minecraft:walk_one_cm":13138,"minecraft:mob_kills":2,"minecraft:damage_dealt":1200,"minecraft:swim_one_cm":5727,"minecraft:interact_with_crafting_table":3,"minecraft:fly_one_cm":108552,"minecraft:crouch_one_cm":841,"minecraft:play_time":9714,"minecraft:sneak_time":531,"minecraft:walk_under_water_one_cm":1549,"minecraft:jump":387,"minecraft:leave_game":2,"minecraft:walk_on_water_one_cm":2824,"minecraft:time_since_death":9714,"minecraft:total_world_time":9714,"minecraft:fall_one_cm":11189}},"DataVersion":3465}