{"stats":{"minecraft:killed":{"minecraft:husk":1,"minecraft:spider":2,"minecraft:creeper":1,"minecraft:squid":1,"minecraft:sheep":4,"minecraft:skeleton":1,"minecraft:zombie":5,"minecraft:chicken":4},"minecraft:crafted":{"minecraft:raw_iron":9,"minecraft:crafting_table":1,"minecraft:wooden_pickaxe":1,"minecraft:cooked_chicken":2,"minecraft:furnace":1,"minecraft:stone_axe":1,"minecraft:cooked_mutton":5,"minecraft:acacia_boat":1,"minecraft:air":0,"minecraft:flint_and_steel":1,"minecraft:iron_boots":1,"minecraft:iron_chestplate":1,"minecraft:stick":12,"minecraft:iron_ingot":30,"minecraft:iron_pickaxe":1,"minecraft:stone_pickaxe":1,"minecraft:acacia_door":6,"minecraft:iron_leggings":1,"minecraft:white_bed":1,"minecraft:acacia_planks":52},"minecraft:custom":{"minecraft:interact_with_furnace":29,"minecraft:mob_kills":19,"minecraft:interact_with_crafting_table":16,"minecraft:leave_game":1,"minecraft:time_since_death":19380,"minecraft:time_since_rest":19406,"minecraft:sprint_one_cm":85802,"minecraft:damage_taken":1228,"minecraft:walk_one_cm":57889,"minecraft:drop":5,"minecraft:damage_dealt":2534,"minecraft:swim_one_cm":214299,"minecraft:fly_one_cm":177838,"minecraft:open_chest":13,"minecraft:crouch_one_cm":17105,"minecraft:play_time":66820,"minecraft:deaths":2,"minecraft:sneak_time":6582,"minecraft:walk_under_water_one_cm":26490,"minecraft:boat_one_cm":147988,"minecraft:jump":1046,"minecraft:walk_on_water_one_cm":17101,"minecraft:total_world_time":66820,"minecraft:fall_one_cm":39170},"minecraft:mined":{"minecraft:deepslate_redstone_ore":5,"minecraft:tuff":33,"minecraft:acacia_leaves":2,"minecraft:spruce_planks":3,"minecraft:white_bed":1,"minecraft:deepslate_diamond_ore":6,"minecraft:crafting_table":4,"minecraft:acacia_log":13,"minecraft:cobblestone":5,"minecraft:oak_planks":2,"minecraft:spruce_stairs":2,"minecraft:raw_iron_block":1,"minecraft:furnace":2,"minecraft:cobbled_deepslate":2,"minecraft:iron_ore":53,"minecraft:grass":3,"minecraft:coal_ore":13,"minecraft:deepslate_iron_ore":11,"minecraft:gravel":2,"minecraft:sand":4,"minecraft:acacia_door":17,"minecraft:stone":40,"minecraft:oak_leaves":3,"minecraft:deepslate":36},"minecraft:dropped":{"minecraft:acacia_door":1,"minecraft:acacia_planks":4},"minecraft:killed_by":{"minecraft:skeleton":2},"minecraft:used":{"minecraft:cooked_mutton":5,"minecraft:acacia_boat":1,"minecraft:stone_pickaxe":79,"minecraft:wooden_pickaxe":8,"minecraft:cooked_chicken":2,"minecraft:rotten_flesh":4,"minecraft:sand":2,"minecraft:crafting_table":5,"minecraft:white_bed":2,"minecraft:tuff":37,"minecraft:acacia_door":21,"minecraft:iron_pickaxe":125,"minecraft:map":1,"minecraft:stone_axe":73,"minecraft:cobblestone":30,"minecraft:furnace":3,"minecraft:cobbled_deepslate":45,"minecraft:iron_leggings":1},"minecraft:picked_up":{"minecraft:iron_chestplate":1,"minecraft:crafting_table":4,"minecraft:feather":17,"minecraft:chicken":4,"minecraft:wooden_pickaxe":1,"minecraft:potato":1,"minecraft:filled_map":1,"minecraft:flint":2,"minecraft:tuff":38,"minecraft:lapis_lazuli":5,"minecraft:string":4,"minecraft:acacia_door":21,"minecraft:iron_leggings":1,"minecraft:bone":4,"minecraft:acacia_planks":2,"minecraft:cobbled_deepslate":55,"minecraft:iron_ingot":8,"minecraft:stone_pickaxe":1,"minecraft:iron_nugget":11,"minecraft:iron_pickaxe":1,"minecraft:oak_planks":2,"minecraft:iron_boots":1,"minecraft:furnace":2,"minecraft:book":2,"minecraft:stick":4,"minecraft:raw_iron":91,"minecraft:acacia_log":13,"minecraft:raw_iron_block":1,"minecraft:spruce_stairs":4,"minecraft:sand":6,"minecraft:ink_sac":6,"minecraft:white_bed":1,"minecraft:redstone":25,"minecraft:spider_eye":2,"minecraft:arrow":2,"minecraft:rotten_flesh":7,"minecraft:diamond":6,"minecraft:stone_axe":1,"minecraft:gray_wool":2,"minecraft:emerald":5,"minecraft:gold_ingot":1,"minecraft:oak_sapling":4,"minecraft:mutton":7,"minecraft:coal":13,"minecraft:white_wool":3,"minecraft:cobblestone":45}},"DataVersion":3465}