{"stats":{"minecraft:killed":{"minecraft:piglin":1,"minecraft:husk":1,"minecraft:salmon":3,"minecraft:iron_golem":1,"minecraft:sheep":1,"minecraft:zombie":1},"minecraft:custom":{"minecraft:mob_kills":9,"minecraft:interact_with_crafting_table":6,"minecraft:pot_flower":1,"minecraft:leave_game":3,"minecraft:time_since_death":912,"minecraft:sleep_in_bed":1,"minecraft:climb_one_cm":28,"minecraft:time_since_rest":1125,"minecraft:sprint_one_cm":184037,"minecraft:damage_taken":1544,"minecraft:walk_one_cm":112526,"minecraft:drop":61,"minecraft:damage_dealt":2023,"minecraft:swim_one_cm":5248,"minecraft:fly_one_cm":540976,"minecraft:open_chest":2,"minecraft:crouch_one_cm":50252,"minecraft:play_time":78292,"minecraft:deaths":2,"minecraft:sneak_time":12017,"minecraft:walk_under_water_one_cm":12100,"minecraft:jump":2091,"minecraft:walk_on_water_one_cm":16202,"minecraft:total_world_time":78292,"minecraft:fall_one_cm":63025},"minecraft:crafted":{"minecraft:oak_planks":24,"minecraft:crafting_table":1,"minecraft:bucket":1,"minecraft:bread":39,"minecraft:flint_and_steel":1,"minecraft:diamond_pickaxe":1,"minecraft:stick":4,"minecraft:polished_basalt":4,"minecraft:gold_ingot":29,"minecraft:wheat":117},"minecraft:mined":{"minecraft:nether_gold_ore":95,"minecraft:blackstone":17,"minecraft:soul_fire":1,"minecraft:crimson_nylium":14,"minecraft:basalt":226,"minecraft:orange_terracotta":2,"minecraft:potted_cactus":1,"minecraft:obsidian":1,"minecraft:crafting_table":3,"minecraft:red_sand":2,"minecraft:dead_bush":1,"minecraft:weeping_vines":2,"minecraft:nether_quartz_ore":1,"minecraft:sugar_cane":26,"minecraft:seagrass":1,"minecraft:hay_block":13,"minecraft:magma_block":22,"minecraft:nether_wart_block":2,"minecraft:fire":15,"minecraft:oak_log":6,"minecraft:sand":10,"minecraft:gravel":7,"minecraft:stone":4,"minecraft:netherrack":320,"minecraft:oak_leaves":1},"minecraft:dropped":{"minecraft:gravel":19,"minecraft:bread":64,"minecraft:iron_sword":1,"minecraft:diamond":5,"minecraft:nether_brick":6,"minecraft:raw_iron":62,"minecraft:iron_helmet":2,"minecraft:rotten_flesh":5,"minecraft:iron_boots":1,"minecraft:name_tag":1,"minecraft:saddle":2,"minecraft:emerald":5,"minecraft:gold_block":1,"minecraft:poppy":2,"minecraft:shield":1,"minecraft:mutton":3,"minecraft:gold_nugget":3,"minecraft:bone_meal":1,"minecraft:iron_axe":2,"minecraft:stone_pickaxe":1,"minecraft:beef":14,"minecraft:iron_pickaxe":2,"minecraft:quartz":10,"minecraft:gold_ingot":67},"minecraft:used":{"minecraft:water_bucket":3,"minecraft:red_sand":2,"minecraft:flint_and_steel":1,"minecraft:oak_planks":12,"minecraft:stone_pickaxe":60,"minecraft:blackstone":29,"minecraft:polished_basalt":4,"minecraft:netherrack":266,"minecraft:salmon":3,"minecraft:soul_sand":4,"minecraft:sand":9,"minecraft:crafting_table":3,"minecraft:flower_pot":1,"minecraft:diamond_pickaxe":713,"minecraft:lava_bucket":13,"minecraft:bread":23,"minecraft:gravel":6,"minecraft:nether_wart_block":2,"minecraft:basalt":213,"minecraft:cobblestone":4,"minecraft:bucket":17,"minecraft:orange_terracotta":2,"minecraft:splash_potion":7},"minecraft:picked_up":{"minecraft:crafting_table":3,"minecraft:magma_block":22,"minecraft:basalt":217,"minecraft:splash_potion":2,"minecraft:flower_pot":1,"minecraft:salmon":3,"minecraft:leather":4,"minecraft:potion":2,"minecraft:flint":1,"minecraft:nether_brick":22,"minecraft:oak_log":6,"minecraft:golden_sword":1,"minecraft:nether_wart_block":2,"minecraft:orange_terracotta":2,"minecraft:blackstone":65,"minecraft:red_sand":2,"minecraft:gold_nugget":364,"minecraft:iron_ingot":4,"minecraft:poppy":2,"minecraft:sugar_cane":51,"minecraft:soul_sand":15,"minecraft:iron_boots":2,"minecraft:stick":1,"minecraft:quartz":26,"minecraft:gravel":35,"minecraft:fire_charge":2,"minecraft:sand":9,"minecraft:crying_obsidian":1,"minecraft:spectral_arrow":34,"minecraft:cactus":1,"minecraft:rotten_flesh":6,"minecraft:hay_block":13,"minecraft:bone_meal":2,"minecraft:gold_ingot":36,"minecraft:netherrack":314,"minecraft:obsidian":3,"minecraft:white_wool":1,"minecraft:cobblestone":4}},"DataVersion":3465}