{"stats":{"minecraft:crafted":{"minecraft:crafting_table":1,"minecraft:stick":12,"minecraft:wooden_pickaxe":1,"minecraft:wooden_axe":2,"minecraft:stone_pickaxe":1,"minecraft:furnace":1,"minecraft:mangrove_planks":100,"minecraft:stone_axe":2,"minecraft:bread":5},"minecraft:custom":{"minecraft:time_since_rest":27462,"minecraft:interact_with_furnace":1,"minecraft:sprint_one_cm":71317,"minecraft:damage_taken":378,"minecraft:walk_one_cm":20624,"minecraft:damage_dealt":10,"minecraft:swim_one_cm":22993,"minecraft:interact_with_crafting_table":4,"minecraft:fly_one_cm":168201,"minecraft:crouch_one_cm":674,"minecraft:play_time":27462,"minecraft:sneak_time":306,"minecraft:walk_under_water_one_cm":10646,"minecraft:jump":923,"minecraft:leave_game":1,"minecraft:walk_on_water_one_cm":11202,"minecraft:time_since_death":27462,"minecraft:climb_one_cm":968,"minecraft:total_world_time":27462,"minecraft:fall_one_cm":35904},"minecraft:mined":{"minecraft:furnace":2,"minecraft:mangrove_roots":4,"minecraft:moss_carpet":1,"minecraft:mangrove_leaves":4,"minecraft:crafting_table":2,"minecraft:dead_bush":4,"minecraft:sand":3,"minecraft:mangrove_log":34,"minecraft:cobblestone":2,"minecraft:stone":22,"minecraft:sugar_cane":4},"minecraft:used":{"minecraft:wooden_axe":1,"minecraft:moss_carpet":1,"minecraft:mangrove_log":9,"minecraft:bread":5,"minecraft:stone_pickaxe":6,"minecraft:wooden_pickaxe":20,"minecraft:stone_axe":33,"minecraft:sand":3,"minecraft:cobblestone":7,"minecraft:mangrove_roots":3,"minecraft:crafting_table":2,"minecraft:furnace":2,"minecraft:carrot":4},"minecraft:picked_up":{"minecraft:stick":6,"minecraft:crafting_table":2,"minecraft:sand":3,"minecraft:moss_carpet":1,"minecraft:mangrove_roots":3,"minecraft:sugar_cane":11,"minecraft:mangrove_log":34,"minecraft:cobblestone":24,"minecraft:furnace":2}},"DataVersion":3465}