{"stats":{"minecraft:crafted":{"minecraft:acacia_planks":28,"minecraft:crafting_table":1,"minecraft:stick":8,"minecraft:stone_pickaxe":1,"minecraft:wooden_pickaxe":2},"minecraft:custom":{"minecraft:time_since_rest":9176,"minecraft:crouch_one_cm":1022,"minecraft:play_time":9176,"minecraft:sprint_one_cm":12631,"minecraft:damage_taken":205,"minecraft:walk_one_cm":9185,"minecraft:sneak_time":1311,"minecraft:walk_under_water_one_cm":368,"minecraft:jump":101,"minecraft:leave_game":3,"minecraft:time_since_death":9176,"minecraft:walk_on_water_one_cm":1311,"minecraft:total_world_time":9176,"minecraft:climb_one_cm":177,"minecraft:swim_one_cm":3431,"minecraft:interact_with_crafting_table":2,"minecraft:fall_one_cm":2061,"minecraft:fly_one_cm":15136},"minecraft:mined":{"minecraft:acacia_log":7,"minecraft:grass_block":1,"minecraft:acacia_leaves":2,"minecraft:dirt":3,"minecraft:stone":12,"minecraft:crafting_table":2},"minecraft:used":{"minecraft:dirt":4,"minecraft:crafting_table":2,"minecraft:wooden_pickaxe":12},"minecraft:picked_up":{"minecraft:crafting_table":2,"minecraft:acacia_log":7,"minecraft:dirt":4,"minecraft:cobblestone":12}},"DataVersion":3465}