{"stats":{"minecraft:crafted":{"minecraft:oak_boat":1,"minecraft:crafting_table":1},"minecraft:used":{"minecraft:crafting_table":1,"minecraft:cooked_porkchop":2,"minecraft:iron_axe":27,"minecraft:oak_boat":4},"minecraft:mined":{"minecraft:grass":1},"minecraft:picked_up":{"minecraft:arrow":5,"minecraft:bone":2,"minecraft:leather":5,"minecraft:beef":7,"minecraft:oak_boat":4,"minecraft:gunpowder":1,"minecraft:spider_eye":1,"minecraft:string":2},"minecraft:killed":{"minecraft:skeleton":3,"minecraft:spider":1,"minecraft:zombie":1,"minecraft:creeper":1,"minecraft:enderman":2,"minecraft:cow":4},"minecraft:custom":{"minecraft:time_since_rest":6781,"minecraft:play_time":6781,"minecraft:sprint_one_cm":11268,"minecraft:damage_taken":166,"minecraft:walk_one_cm":7159,"minecraft:sneak_time":17,"minecraft:walk_under_water_one_cm":2245,"minecraft:mob_kills":12,"minecraft:boat_one_cm":139905,"minecraft:jump":98,"minecraft:damage_dealt":2450,"minecraft:leave_game":1,"minecraft:time_since_death":6781,"minecraft:walk_on_water_one_cm":775,"minecraft:total_world_time":6781,"minecraft:interact_with_crafting_table":1,"minecraft:swim_one_cm":5461,"minecraft:fall_one_cm":1103,"minecraft:fly_one_cm":22454}},"DataVersion":3465}