{"stats":{"minecraft:crafted":{"minecraft:oak_boat":1,"minecraft:oak_planks":20,"minecraft:stone_axe":2,"minecraft:stick":4,"minecraft:stone_pickaxe":1},"minecraft:dropped":{"minecraft:wooden_pickaxe":1,"minecraft:wooden_axe":2},"minecraft:used":{"minecraft:stone_axe":1,"minecraft:wooden_axe":6,"minecraft:crafting_table":2,"minecraft:oak_boat":1,"minecraft:wooden_pickaxe":30},"minecraft:mined":{"minecraft:oak_log":5,"minecraft:stone":30,"minecraft:crafting_table":2},"minecraft:picked_up":{"minecraft:crafting_table":2,"minecraft:oak_boat":1,"minecraft:oak_log":5,"minecraft:cobblestone":30},"minecraft:custom":{"minecraft:time_since_rest":4948,"minecraft:play_time":4948,"minecraft:sprint_one_cm":3802,"minecraft:walk_one_cm":4519,"minecraft:sneak_time":5,"minecraft:walk_under_water_one_cm":350,"minecraft:drop":3,"minecraft:boat_one_cm":28575,"minecraft:jump":37,"minecraft:leave_game":1,"minecraft:time_since_death":4948,"minecraft:walk_on_water_one_cm":7188,"minecraft:total_world_time":4948,"minecraft:fall_one_cm":418,"minecraft:swim_one_cm":9892,"minecraft:interact_with_crafting_table":2,"minecraft:fly_one_cm":9454}},"DataVersion":3465}