{"stats":{"minecraft:killed":{"minecraft:husk":9,"minecraft:salmon":1,"minecraft:spider":3,"minecraft:iron_golem":2,"minecraft:creeper":1,"minecraft:sheep":2,"minecraft:skeleton":5,"minecraft:zombie":2,"minecraft:camel":2},"minecraft:broken":{"minecraft:stone_axe":1},"minecraft:custom":{"minecraft:mob_kills":27,"minecraft:interact_with_crafting_table":12,"minecraft:interact_with_cartography_table":1,"minecraft:open_barrel":6,"minecraft:interact_with_grindstone":1,"minecraft:leave_game":1,"minecraft:time_since_death":75689,"minecraft:sleep_in_bed":1,"minecraft:climb_one_cm":299,"minecraft:time_since_rest":43817,"minecraft:sprint_one_cm":175152,"minecraft:damage_taken":1075,"minecraft:walk_one_cm":156147,"minecraft:damage_blocked_by_shield":725,"minecraft:drop":3,"minecraft:damage_dealt":6555,"minecraft:swim_one_cm":14346,"minecraft:talked_to_villager":1,"minecraft:fly_one_cm":502412,"minecraft:open_chest":10,"minecraft:crouch_one_cm":2052,"minecraft:play_time":75689,"minecraft:sneak_time":830,"minecraft:walk_under_water_one_cm":3018,"minecraft:jump":2079,"minecraft:walk_on_water_one_cm":6484,"minecraft:total_world_time":75689,"minecraft:fall_one_cm":62749,"minecraft:horse_one_cm":3566},"minecraft:crafted":{"minecraft:oak_planks":24,"minecraft:crafting_table":1,"minecraft:wooden_pickaxe":1,"minecraft:stone_axe":1,"minecraft:bread":390,"minecraft:flint_and_steel":1,"minecraft:warped_planks":16,"minecraft:shield":1,"minecraft:iron_axe":1,"minecraft:stick":32,"minecraft:stone_pickaxe":1,"minecraft:stone_hoe":1,"minecraft:wheat":1170},"minecraft:mined":{"minecraft:cut_sandstone":2,"minecraft:stone_pressure_plate":1,"minecraft:crafting_table":1,"minecraft:grass_block":3,"minecraft:nether_quartz_ore":14,"minecraft:tall_grass":4,"minecraft:sugar_cane":8,"minecraft:sandstone":15,"minecraft:hay_block":130,"minecraft:cactus":2,"minecraft:chiseled_sandstone":1,"minecraft:tnt":9,"minecraft:grass":1,"minecraft:coal_ore":3,"minecraft:oak_log":18,"minecraft:warped_stem":4,"minecraft:gravel":4,"minecraft:sand":12,"minecraft:dirt":16,"minecraft:stone":28,"minecraft:netherrack":1,"minecraft:oak_leaves":1},"minecraft:dropped":{"minecraft:salmon":1,"minecraft:mutton":3,"minecraft:cut_sandstone":1},"minecraft:used":{"minecraft:flint_and_steel":1,"minecraft:stone_pickaxe":73,"minecraft:oak_planks":1,"minecraft:cactus":4,"minecraft:wooden_pickaxe":30,"minecraft:shield":27,"minecraft:sandstone":15,"minecraft:stone_hoe":50,"minecraft:netherrack":1,"minecraft:dirt":19,"minecraft:sand":1,"minecraft:crafting_table":1,"minecraft:obsidian":10,"minecraft:oak_log":5,"minecraft:iron_axe":76,"minecraft:bread":26,"minecraft:gravel":4,"minecraft:stone_axe":109,"minecraft:cobblestone":4},"minecraft:picked_up":{"minecraft:crafting_table":1,"minecraft:salmon":1,"minecraft:cut_sandstone":2,"minecraft:flint":1,"minecraft:oak_log":18,"minecraft:dirt":19,"minecraft:string":5,"minecraft:bone":5,"minecraft:warped_stem":4,"minecraft:iron_ingot":10,"minecraft:sugar_cane":16,"minecraft:sandstone":15,"minecraft:quartz":14,"minecraft:gravel":4,"minecraft:sand":19,"minecraft:stone_pressure_plate":1,"minecraft:tnt":9,"minecraft:cactus":4,"minecraft:arrow":3,"minecraft:rotten_flesh":4,"minecraft:hay_block":130,"minecraft:gray_wool":1,"minecraft:netherrack":1,"minecraft:mutton":3,"minecraft:coal":3,"minecraft:cobblestone":28,"minecraft:white_wool":1}},"DataVersion":3465}