{"stats":{"minecraft:killed":{"minecraft:cod":10,"minecraft:glow_squid":1},"minecraft:broken":{"minecraft:stone_pickaxe":1},"minecraft:crafted":{"minecraft:cooked_cod":9,"minecraft:crafting_table":1,"minecraft:cooked_chicken":2,"minecraft:wooden_pickaxe":1,"minecraft:iron_helmet":1,"minecraft:iron_sword":1,"minecraft:stone_axe":1,"minecraft:cooked_mutton":2,"minecraft:air":0,"minecraft:iron_boots":1,"minecraft:iron_chestplate":1,"minecraft:iron_axe":1,"minecraft:stick":12,"minecraft:iron_ingot":40,"minecraft:iron_pickaxe":1,"minecraft:stone_pickaxe":1,"minecraft:stone_sword":1,"minecraft:iron_leggings":1,"minecraft:acacia_planks":12},"minecraft:custom":{"minecraft:interact_with_furnace":29,"minecraft:mob_kills":12,"minecraft:interact_with_crafting_table":22,"minecraft:leave_game":7,"minecraft:time_since_death":62326,"minecraft:climb_one_cm":899,"minecraft:time_since_rest":62326,"minecraft:sprint_one_cm":27422,"minecraft:damage_taken":625,"minecraft:walk_one_cm":51191,"minecraft:damage_dealt":451,"minecraft:swim_one_cm":204075,"minecraft:fly_one_cm":62943,"minecraft:crouch_one_cm":28,"minecraft:play_time":62326,"minecraft:sneak_time":890,"minecraft:walk_under_water_one_cm":57453,"minecraft:boat_one_cm":111801,"minecraft:jump":465,"minecraft:walk_on_water_one_cm":41655,"minecraft:total_world_time":62326,"minecraft:fall_one_cm":8909},"minecraft:mined":{"minecraft:jungle_leaves":3,"minecraft:crafting_table":3,"minecraft:granite":16,"minecraft:acacia_log":3,"minecraft:melon":5,"minecraft:jungle_log":10,"minecraft:copper_ore":2,"minecraft:cobblestone":1,"minecraft:lapis_ore":6,"minecraft:sugar_cane":1,"minecraft:diorite":7,"minecraft:furnace":2,"minecraft:iron_ore":43,"minecraft:andesite":24,"minecraft:grass":2,"minecraft:oak_log":11,"minecraft:coal_ore":2,"minecraft:deepslate_iron_ore":24,"minecraft:acacia_door":21,"minecraft:sand":1,"minecraft:dirt":10,"minecraft:stone":104,"minecraft:oak_leaves":6,"minecraft:deepslate":3},"minecraft:used":{"minecraft:cooked_mutton":2,"minecraft:acacia_boat":1,"minecraft:stone_pickaxe":131,"minecraft:wooden_pickaxe":8,"minecraft:cooked_chicken":2,"minecraft:iron_chestplate":1,"minecraft:crafting_table":3,"minecraft:acacia_door":23,"minecraft:iron_axe":52,"minecraft:melon_slice":7,"minecraft:iron_pickaxe":104,"minecraft:iron_helmet":1,"minecraft:stone_axe":18,"minecraft:cobblestone":11,"minecraft:furnace":1,"minecraft:cooked_cod":5,"minecraft:iron_leggings":1},"minecraft:picked_up":{"minecraft:crafting_table":3,"minecraft:glow_ink_sac":3,"minecraft:jungle_log":10,"minecraft:andesite":24,"minecraft:oak_log":11,"minecraft:acacia_boat":2,"minecraft:lapis_lazuli":22,"minecraft:dirt":10,"minecraft:raw_copper":9,"minecraft:acacia_door":24,"minecraft:acacia_planks":4,"minecraft:cobbled_deepslate":3,"minecraft:jungle_sapling":1,"minecraft:melon_slice":28,"minecraft:sugar_cane":2,"minecraft:furnace":2,"minecraft:raw_iron":71,"minecraft:acacia_log":3,"minecraft:sand":1,"minecraft:diorite":7,"minecraft:granite":15,"minecraft:bone_meal":1,"minecraft:oak_sapling":2,"minecraft:coal":11,"minecraft:cod":9,"minecraft:cobblestone":104}},"DataVersion":3465}