{"stats":{"minecraft:killed":{"minecraft:pig":8,"minecraft:creeper":2,"minecraft:skeleton":12,"minecraft:zombie":9,"minecraft:cow":9},"minecraft:broken":{"minecraft:iron_pickaxe":2},"minecraft:custom":{"minecraft:interact_with_furnace":64,"minecraft:mob_kills":42,"minecraft:interact_with_crafting_table":17,"minecraft:leave_game":1,"minecraft:time_since_death":74138,"minecraft:climb_one_cm":964,"minecraft:time_since_rest":74165,"minecraft:sprint_one_cm":204313,"minecraft:damage_taken":1804,"minecraft:walk_one_cm":135269,"minecraft:damage_blocked_by_shield":25,"minecraft:drop":32,"minecraft:damage_dealt":7062,"minecraft:swim_one_cm":2636,"minecraft:fly_one_cm":184098,"minecraft:crouch_one_cm":5613,"minecraft:play_time":77929,"minecraft:deaths":3,"minecraft:walk_under_water_one_cm":7479,"minecraft:sneak_time":3368,"minecraft:boat_one_cm":76365,"minecraft:jump":1567,"minecraft:walk_on_water_one_cm":16449,"minecraft:total_world_time":77929,"minecraft:fall_one_cm":29400},"minecraft:crafted":{"minecraft:cooked_beef":37,"minecraft:oak_planks":80,"minecraft:cooked_porkchop":14,"minecraft:diamond_axe":1,"minecraft:crafting_table":5,"minecraft:spyglass":1,"minecraft:furnace":2,"minecraft:copper_ingot":4,"minecraft:bucket":2,"minecraft:cooked_mutton":3,"minecraft:oak_boat":1,"minecraft:diamond_helmet":1,"minecraft:diamond_leggings":1,"minecraft:iron_chestplate":1,"minecraft:diamond_pickaxe":1,"minecraft:shield":1,"minecraft:stick":12,"minecraft:iron_ingot":42,"minecraft:iron_pickaxe":1,"minecraft:diamond_boots":1,"minecraft:iron_leggings":1,"minecraft:gold_ingot":11,"minecraft:torch":8,"minecraft:diamond_chestplate":1},"minecraft:mined":{"minecraft:large_amethyst_bud":5,"minecraft:tuff":8,"minecraft:deepslate_diamond_ore":39,"minecraft:medium_amethyst_bud":5,"minecraft:clay":1,"minecraft:crafting_table":5,"minecraft:budding_amethyst":3,"minecraft:calcite":4,"minecraft:tall_grass":2,"minecraft:cobblestone":1,"minecraft:lapis_ore":1,"minecraft:diorite":16,"minecraft:moss_block":3,"minecraft:sugar_cane":2,"minecraft:deepslate_copper_ore":2,"minecraft:wall_torch":5,"minecraft:amethyst_block":14,"minecraft:spore_blossom":1,"minecraft:redstone_ore":13,"minecraft:furnace":6,"minecraft:iron_ore":92,"minecraft:andesite":3,"minecraft:moss_carpet":1,"minecraft:deepslate_lapis_ore":2,"minecraft:big_dripleaf_stem":1,"minecraft:grass":3,"minecraft:deepslate_iron_ore":16,"minecraft:oak_log":20,"minecraft:coal_ore":125,"minecraft:cave_vines":1,"minecraft:small_amethyst_bud":2,"minecraft:smooth_basalt":2,"minecraft:stone":90,"minecraft:gold_ore":2,"minecraft:deepslate":167,"minecraft:oak_leaves":6},"minecraft:dropped":{"minecraft:gravel":5,"minecraft:moss_block":4,"minecraft:cobbled_deepslate":98,"minecraft:crafting_table":2,"minecraft:tuff":6,"minecraft:iron_helmet":1,"minecraft:rotten_flesh":2,"minecraft:clay_ball":11,"minecraft:oak_planks":20,"minecraft:iron_boots":1,"minecraft:tropical_fish":2,"minecraft:stick":8,"minecraft:diorite":32,"minecraft:iron_chestplate":1,"minecraft:iron_leggings":1,"minecraft:iron_axe":2,"minecraft:flowering_azalea":1,"minecraft:arrow":2},"minecraft:killed_by":{"minecraft:player":3},"minecraft:used":{"minecraft:calcite":4,"minecraft:azalea":1,"minecraft:moss_block":2,"minecraft:moss_carpet":1,"minecraft:water_bucket":12,"minecraft:amethyst_block":4,"minecraft:shield":1,"minecraft:diamond_axe":1,"minecraft:torch":12,"minecraft:spyglass":1,"minecraft:crafting_table":9,"minecraft:tuff":1,"minecraft:diamond_pickaxe":122,"minecraft:iron_axe":110,"minecraft:iron_pickaxe":504,"minecraft:smooth_basalt":2,"minecraft:cobblestone":49,"minecraft:oak_sapling":1,"minecraft:furnace":6,"minecraft:cooked_porkchop":1,"minecraft:bucket":14,"minecraft:andesite":3,"minecraft:oak_boat":1,"minecraft:tropical_fish_bucket":1,"minecraft:cooked_beef":12,"minecraft:potato":1},"minecraft:picked_up":{"minecraft:crafting_table":6,"minecraft:clay_ball":11,"minecraft:andesite":3,"minecraft:leather":8,"minecraft:potato":1,"minecraft:gold_block":1,"minecraft:tuff":11,"minecraft:oak_log":20,"minecraft:gunpowder":2,"minecraft:amethyst_block":14,"minecraft:lapis_lazuli":21,"minecraft:moss_carpet":1,"minecraft:raw_copper":4,"minecraft:iron_axe":2,"minecraft:bone":11,"minecraft:cobbled_deepslate":208,"minecraft:raw_gold":2,"minecraft:spore_blossom":1,"minecraft:beef":37,"minecraft:calcite":4,"minecraft:azalea":1,"minecraft:iron_pickaxe":1,"minecraft:moss_block":6,"minecraft:sugar_cane":5,"minecraft:flowering_azalea":1,"minecraft:oak_planks":10,"minecraft:iron_boots":1,"minecraft:furnace":6,"minecraft:stick":5,"minecraft:raw_iron":106,"minecraft:smooth_basalt":2,"minecraft:big_dripleaf":6,"minecraft:torch":6,"minecraft:gravel":5,"minecraft:porkchop":14,"minecraft:amethyst_shard":2,"minecraft:diorite":32,"minecraft:redstone":59,"minecraft:diamond":39,"minecraft:arrow":14,"minecraft:rotten_flesh":7,"minecraft:tropical_fish":2,"minecraft:iron_helmet":1,"minecraft:oak_sapling":1,"minecraft:glow_berries":22,"minecraft:mutton":3,"minecraft:coal":179,"minecraft:cobblestone":93}},"DataVersion":3465}